<?xml version='1.0' encoding='UTF-8'?>
<?artifactRepository version='1.1.0'?>
<repository name='file:/C:/Users/shankar/Downloads/mule-circuit-breaker-master/mule-circuit-breaker-master/circuitbreaker/target/update-site/ - artifacts' type='org.eclipse.equinox.p2.artifact.repository.simpleRepository' version='1'>
  <properties size='2'>
    <property name='p2.timestamp' value='1512739991601'/>
    <property name='p2.compressed' value='false'/>
  </properties>
  <mappings size='3'>
    <rule filter='(&amp; (classifier=osgi.bundle))' output='${repoUrl}/plugins/${id}_${version}.jar'/>
    <rule filter='(&amp; (classifier=binary))' output='${repoUrl}/binary/${id}_${version}'/>
    <rule filter='(&amp; (classifier=org.eclipse.update.feature))' output='${repoUrl}/features/${id}_${version}.jar'/>
  </mappings>
  <artifacts size='2'>
    <artifact classifier='osgi.bundle' id='org.mule.tooling.ui.contribution.circuitbreaker.3.5.0' version='0.0.2.201712081902'>
      <properties size='3'>
        <property name='artifact.size' value='395577'/>
        <property name='download.size' value='395577'/>
        <property name='download.md5' value='317e5398077ccd71602b5940b47f11e8'/>
      </properties>
    </artifact>
    <artifact classifier='org.eclipse.update.feature' id='org.mule.tooling.ui.extension.circuitbreaker.3.5.0' version='0.0.2.201712081902'>
      <properties size='4'>
        <property name='artifact.size' value='9856'/>
        <property name='download.size' value='9856'/>
        <property name='download.md5' value='8c241d9df512c42360b8556294c15bc6'/>
        <property name='download.contentType' value='application/zip'/>
      </properties>
    </artifact>
  </artifacts>
</repository>
